pl_rade,pl_bmasse,pl_eqt,pl_orbper,pl_orbsmax,st_spectype,st_teff,st_met
2.23,16.3,546.0,41.6855,0.241,G,5766.0,-0.15
12.442,2002.31896,434.0,402000000.0,7506.0,M3 V,3406.0,0.0
10.87,874.0,600.0,13.2406,0.1055,K1 V,5075.0,0.26
16.03,740.51,1657.0,2.99433,0.0436,F6 V,6440.0,-0.03
9.92,415.704,1700.0,4.03519,0.051,G0 V,5945.0,0.01
12.22,2415.4,1952.0,1.51214,0.027,F9 V,6035.0,0.05
11.43,772.29,1626.0,3.7681,0.0461,G2 V,5740.0,0.0
14.68,1102.82,1550.0,1.9000693,0.0295,G9 V,5440.0,-0.1
14.46,352.78,2000.0,3.89713,0.0518,F9 V,6090.0,-0.02
9.42,1347.54,1002.0,9.24285,0.0902,G2 V,5880.0,0.14
4.88,12.2,885.0,9.75598,0.092,G3 V,5939.0,0.17
11.77,889.9,1660.0,3.6313,0.048,G0 V,5900.0,0.05
3.7,5.7,1070.0,5.1134,0.056,K1 V,4950.0,0.3
5.0,28.0,850.0,11.759,0.098,K1 V,4950.0,0.3
12.11,85.81,1330.0,4.86069,0.0578,F9,6040.0,-0.01
14.12,165.26,1600.0,4.20474,0.0526,G5,5590.0,0.01
11.287,3302.11,1500.0,3.57532,0.0476,G2,5900.0,-0.1
18.831,349.61125,1747.0,3.22748,0.0429,F6 V,6390.0,-0.5
15.805,216.12332,1567.0,5.616531,0.066,F3 V,6730.0,-0.1
15.558,148.42,1438.0,4.0378962,0.04947,F9 V,6100.0,-0.25
13.068,940.74,1017.0,8.886593,0.0855,F9 V,6090.0,-0.2
6.389,47.6745,938.0,6.71837,0.071,G0 VI,5970.0,0.0
6.12,27.0,886.0,19.49213,0.148,G0,6025.0,0.1
1.52,8.36,2333.0,0.571292,0.0116,G5 V,5470.0,-0.025
2.5,5.8,774.0,13.3397,0.105,G5 V,5470.0,-0.025
11.781,953.49,1401.0,6.180235,0.07229,F5 V,6202.0,0.141
1.95,8.75,1616.0,3.5951,0.047,G8 IV/V,5430.0,0.2
3.67,14.67,990.0,15.624,0.13,G8 IV/V,5430.0,0.2
3.94,10.18,752.0,35.747,0.22,G8 IV/V,5430.0,0.2
2.025,11.7,456.0,5.746007,0.0385,M2.5 V,3348.0,0.04
2.742,8.17,596.0,1.58040433,0.0149,M4 V,3250.0,0.29
1.193,2.09,1089.0,0.5182349,0.00916,M3,3458.0,0.1
2.61,22.7,422.0,35.61253,0.1915,K4.5,4640.0,0.003
2.13,3.34,693.0,2.8531054,0.03165,M2 V,3556.0,-0.06
1.217,1.84,525.0,3.93072,0.035,M2.5 V,3505.0,-0.12
0.718,0.546,1745.0,0.321962,0.0071,M1.0 V,3522.0,-0.01
0.699,0.633,1365.0,0.3219225,0.00709,M1.0 V,3522.0,-0.01
1.15,1.21,569.0,2.6162745,0.02569,M3.5 V,3369.0,0.0
2.63,7.6,309.0,50.8,0.2324,K7 V,4120.0,0.24
8.4,53.83,125.0,749.83,1.4,K7 V,4120.0,0.24
1.343,3.0,706.0,1.4671205,0.01713,M3.5 V,3291.0,-0.15
1.305,2.82,701.0,1.467119,0.01734,M3.5 V,3340.0,0.07
1.331,1.9,940.0,0.9263237,0.01406,M1.5 V,3600.0,-0.28
1.44,4.28,1035.0,1.208974,0.0189,K7 V,4236.0,-0.29
1.58,3.69,1114.0,1.208966,0.0206,K6 V,4219.0,-0.29
1.62,3.42,1172.0,1.2089802,0.01888,K5 V,4269.0,-0.5
1.269,2.42,811.0,3.648083,0.03942,K5 V,4269.0,-0.5
1.13,1.86,716.0,3.648103,0.0395,K7 V,4236.0,-0.29
1.24,1.45,771.0,3.64823,0.0429,K6 V,4219.0,-0.29
2.07,5.2,680.0,6.201467,0.05615,K5 V,4269.0,-0.5
1.98,3.02,675.0,6.20183,0.053,K7 V,4236.0,-0.29
1.89,3.02,600.0,6.201812,0.0563,K7 V,4236.0,-0.29
2.04,2.35,646.0,6.20142,0.0611,K6 V,4219.0,-0.29
16.477,6261.21962,2300.0,1.744579,0.0338,F2,7000.0,0.35
0.958,3.87,315.0,12.761408,0.0668,M3.0 V,3296.0,-0.32
0.9,10.0,315.0,12.76142,0.067,M4 V,3253.0,-0.29
4.73,25.743,878.0,4.8878162,0.053,K4,4780.0,0.31
10.749,67.059,963.0,3.2130598,0.0384,K4,4650.0,-0.29
14.359,271.098,1653.0,2.91626,0.0427,G4,5653.0,0.41
12.89,709.367,1570.0,4.627669,0.0606,F,6600.0,0.11
13.451,724.6524,1612.0,4.627649,0.0596,F5 V,6583.0,0.08
12.016,618.471,904.0,10.863502,0.0964,G5,5568.0,0.22
14.448,1332.605,1626.0,2.77596,0.0413,F8,6158.0,0.17
11.321,169.71,792.0,10.338523,0.0882,K,5246.0,0.0
11.153,62.61,852.0,5.508023,0.0559,K2,4803.0,0.1
12.689,92.802,1010.0,4.008778,0.0466,K1,4990.0,0.23
9.718,2302.899,970.0,2.875317,0.0361,K3,4595.0,0.35
11.478,1291.289,1283.0,4.124481,0.0494,G3,5588.0,0.01
11.882,696.68336,1293.0,3.21223328,0.04171,G5 V,5314.0,0.3
12.106,682.352,1283.0,3.21222,0.0414,G5,5302.0,0.24
15.334,664.237,2056.0,1.212884,0.0232,G0,5905.0,0.15
13.922,217.704,1637.0,3.35524,0.0465,F8,6373.0,-0.16
13.339,180.202,1202.0,3.652836,0.0466,G5,5500.0,0.31
6.333,18.751,1001.0,4.234516,0.0479,K1,5079.0,-0.04
13.585,198.953,1384.0,3.257215,0.0434,G3,5680.0,0.12
12.408,247.261,1260.0,5.723186,0.0667,F8,6087.0,0.21
14.617,588.62116,1788.0,1.32734683,0.02388,G5 V,5620.0,0.25
15.838,549.823,2131.0,2.691548,0.0438,F,6820.0,0.074
15.838,587.9855,2200.0,2.465295,0.0406,A8 V,7500.0,-0.25
21.185,167.49641,1930.0,2.6054552,0.03951,G2,5835.0,0.1
17.822,248.86089,1896.0,2.972086,0.04363,G0,6002.0,0.035
12.016,230.10892,1028.0,2.29840551,0.02996,K,4508.0,-0.059
16.926,270.1555,1637.0,3.6191613,0.04614,G0,6060.0,-0.39
15.132,756.4354,2097.0,3.142833,0.04795,F,6408.0,-0.1
12.386,689.6911,1505.0,1.74748753,0.02712,G9 V,5311.0,0.0
14.572,1039.3041,1592.0,2.686502,0.03744,G3 V,5738.0,-0.1
8.709,425.25654,814.0,16.254611,0.1308,G V,5846.0,0.3
14.986,629.3034,2060.0,0.8378434,0.01761,G V,5600.0,0.28
13.092,427.463,1577.0,1.354133,0.023,K,5227.0,0.15
10.682,870.8542,858.0,4.7228124,0.05025,K V,4803.0,0.0
20.849,467.2101,1654.0,2.1605156,0.03397,G V,5780.0,0.28
16.668,775.5052,2067.0,1.3484954,0.02547,F V,6346.0,0.0
14.123,194.82979,1277.0,4.2986432,0.05163,G,5715.0,0.02
19.616,206.5895,1918.0,3.3023881,0.04735,F,6071.0,-0.02
16.814,168.4499,1659.0,4.637038,0.0611,F,6438.0,0.09
13.384,213.58176,1253.0,3.1810781,0.04131,G,5498.0,0.01
14.022,207.54299,1212.0,4.6058749,0.05475,G,5670.0,0.16
15.48,340.382,1648.0,3.547851,0.0485,F,6351.0,-0.157
13.171,224.38798,1414.0,3.1743516,0.04354,G,5943.0,0.06
13.843,1022.14128,1356.0,4.1752387,0.05425,G0 V,6149.0,0.28
11.433,420.471,1315.0,2.516729,0.0362,G,5403.0,0.43
10.223,75.323,1025.0,4.763387,0.0542,G,5304.0,0.19
11.377,239.32479,1429.0,2.5441765,0.037,G6 V,5621.0,0.37
11.187,101.38777,713.0,3.3252725,0.03623,M1 V,3724.0,0.2
6.311,38.1396,1084.0,3.185315,0.04012,K2,4985.0,0.25
11.478,117.5971,587.0,3.7955202,0.03745,M3 V,3405.0,0.17
2.44,12.6,1153.0,9.55237,0.0907,F5 V,6327.0,-0.311
4.35,15.2,886.0,21.05704,0.1536,F5 V,6327.0,-0.311
2.2,5.69,800.0,9.113678,0.0793,K0.0 V,5266.0,-0.2
2.388,6.3,699.0,13.673694,0.1039,K0.0 V,5266.0,-0.2
2.852,8.52,602.0,20.519617,0.1362,K0.0 V,5266.0,-0.2
1.94,3.9,533.0,30.793091,0.1785,K0.0 V,5266.0,-0.2
2.601,5.04,489.0,41.05854,0.2163,K0.0 V,5266.0,-0.2
2.607,8.4,440.0,54.76992,0.2621,K0.0 V,5266.0,-0.2
2.05,4.55,1371.0,2.541,0.035,G,5732.0,0.14
12.554,693.50158,1371.0,6.134989,0.0701,K0 IV,5788.0,0.22
1.31,4.04,2130.0,1.62116,0.02732,G,5799.0,-0.03
1.64,7.51,1001.0,4.75615,0.0522,K1 V,5125.0,0.15
2.39,8.11,642.0,17.1784,0.1268,K1 V,5125.0,0.15
3.53,11.2,748.0,17.471275,0.13,G2 V,5706.0,-0.07
3.39,10.4,893.0,8.88029,0.078,G9 V,5348.0,-0.15
3.41,10.0,880.0,8.8803256,0.0804,G9 V,5348.0,-0.15
3.08,7.2,605.0,28.5805,0.17,G9 V,5348.0,-0.15
3.195,8.0,600.0,28.579743,0.1752,G9 V,5348.0,-0.15
2.995,2.8,540.0,38.353037,0.2132,G9 V,5348.0,-0.15
3.04,5.8,549.0,38.3525,0.207,G9 V,5348.0,-0.15
2.25,6.1,743.0,6.441008,0.0629,K2.5 V,4819.0,0.095
2.501,14.4,632.0,16.202159,0.1163,K0 V,5070.0,-0.042
1.745,8.83,2128.0,1.008035,0.02012,G,5978.0,-0.04
0.892,3.7,701.0,7.78993,0.0695,K4.5,4640.0,0.003
2.0,8.32,543.0,17.667087,0.1162,K4 V,4684.0,-0.2
1.87,3.41,467.0,29.79749,0.1646,K4 V,4684.0,-0.2
0.75,0.55,909.0,3.97664,0.04298,K4 V,4684.0,-0.2
0.818,0.72,723.0,7.90754,0.068,K4 V,4684.0,-0.2
1.137,0.77,630.0,12.1621839,0.0906,K4 V,4684.0,-0.2
1.24,2.14,709.0,2.76953,0.02933,M0 V,3803.0,-0.43
1.533,3.09,557.0,5.70588,0.04749,M0 V,3803.0,-0.43
2.199,18.496,881.0,22.89104,0.1357,F8/G0 V,6120.0,0.0
4.23,7.943,585.0,56.00819,0.308,F8/G0 V,6120.0,0.0
3.25,5.681,506.0,84.25999,0.411,F8/G0 V,6120.0,0.0
9.718,77.55052,876.0,18.71204,0.1436,F8,6089.0,0.036
2.45,7.8,943.0,14.339156,0.1202,F V,6203.0,-0.12
2.884,10.48,911.0,15.611,0.131,F6 V,6252.6,0.143
2.79,10.2,714.0,6.398042,0.0604,K4 V,4511.0,0.0
2.84,15.9,743.0,6.3980661,0.05995,K4,4582.0,-0.055
2.39,9.7,498.0,18.87974,0.1242,K4 V,4511.0,0.0
2.73,22.5,518.0,18.8805,0.1233,K4,4582.0,-0.055
2.16,7.25,1311.0,3.98442,0.049,G1 V,5863.0,0.018
2.49,17.2,460.0,146.05,0.58,G2 V,5861.0,0.06
1.35,7.8,2042.0,1.0391353,0.02085,G0 V,5987.0,0.1
3.228,19.2,1344.0,3.6451398,0.04813,G0 V,5987.0,0.1
3.89,42.44,385.0,55.087,0.262,K0.5 V,5212.0,0.04
2.247,7.55,757.0,9.4903,0.08,K1,5170.0,-0.23
2.53,11.82,690.0,9.1205,0.0906,K1,5089.0,-0.16
22.754,1021.18779,1411.0,0.9809734,0.01782,K4 V,4590.0,0.18
3.0,379.0,1060.0,7.713057,0.0787,G V,5991.0,0.0
2.74,20.0,757.0,10.28891,0.089,K0 V,5198.0,0.27
3.88,21.8,1841.0,1.6739035,0.0301,G0 V,5945.0,0.22
16.141,266.9772,1780.0,3.31392,0.048,F9 IV,6030.0,0.1
2.592,16.7,640.0,13.86375,0.1021,K3 V,5010.0,-0.34
10.424,410.0007,1178.0,5.817608,0.0558,G,5627.0,0.18
0.89,158.915,1471.0,0.179715,0.0058,M3 V,3492.0,0.08
9.057,123.00021,565.0,28.38236,0.179,K0 V,5340.0,0.22
12.274,323.86877,1114.0,6.5693,0.0591,G5,5654.0,0.12
13.563,295.58042,962.0,6.569188,0.068,G6 V,5585.0,0.1
1.54,5.31,2039.0,0.2803226,0.00716,K7 V,4373.0,0.03
2.242,11.44182,729.0,8.8665,0.075,K2 V,5110.0,-0.65
1.75,8.0,1103.0,2.1748,0.028,K5 V,4503.0,0.0
2.5,444.962,2100.0,0.381078,0.0088,M0 V,3830.0,0.03
18.405,392.83788,1838.0,2.1805577,0.0353,F9 V,6099.0,0.0
18.495,508.528,1884.0,2.18056,0.037,F6 V,6257.0,0.14
14.572,273.3338,1587.0,3.20466,0.046,G2 V,5630.0,0.34
5.68,21.0,767.0,20.8851,0.154,G3,5743.0,0.42
7.82,27.0,606.0,42.3633,0.247,G3,5743.0,0.42
3.44,24.5,494.0,3.48456408,0.0287,M4.5 V,3207.0,0.15
17.396,451.3186,1957.0,2.6266657,0.0404,F6 V,6367.0,-0.14
9.528,70.87609,1080.0,11.63344,0.102,G7 IV/V,5537.0,0.36
2.41,14.8,470.0,50.818947,0.2573,G9 V,5368.0,-0.08
2.59,9.68,1089.0,3.471745,0.03817,K2 V,4975.0,0.0
3.53,15.68,741.0,7.138048,0.0824,K2 V,4975.0,0.0
2.48,6.5,620.0,10.45582,0.1178,K2 V,4975.0,0.0
1.95,10.7,501.0,14.76289,0.18041,K2 V,4975.0,0.0
11.209,194.82979,1076.0,3.2589263,0.04097,K1 V,5222.0,0.0
13.339,232.0159,1171.0,3.2588321,0.04217,G7 V,5358.0,0.16
2.63,24.5,795.0,16.9841,0.13,G3 V,5725.0,0.07
10.054,106.47305,852.0,4.024867,0.0451,K5 V,4444.0,0.14
2.078,5.11,501.0,10.0546535,0.0747,M V,3844.0,-0.157
1.582,2.68,372.0,24.646729,0.1357,M V,3844.0,-0.157
1.458,2.2,305.0,44.55603,0.2014,M V,3844.0,-0.157
13.406,198.00809,1185.0,4.098507,0.04986,G8 V,5581.0,0.136
11.646,184.02357,1092.0,4.098503,0.04839,G6 V,5425.0,-0.15
11.982,187.20187,1203.0,4.09849,0.0419,G,5575.0,0.06
15.435,539.67534,1715.0,2.995629,0.0465,F,6149.0,0.0
15.132,559.3808,1742.0,2.995607,0.04419,F9 V,6132.0,0.24
1.55,12.0,1184.0,4.01593,0.0506,G2 V,5757.0,0.28
1.54,7.3,1266.0,4.01593,0.04994,G2 V,5731.0,0.26
2.42,9.9,858.0,10.56103,0.0964,G2 V,5757.0,0.28
2.29,8.3,916.0,10.56103,0.09514,G2 V,5731.0,0.26
1.015,7.5,412.0,4.0179694,0.027,M5 V,3173.0,-0.13
7.656,135.39558,1400.0,3.00265,0.045,G4 V,5500.0,0.01
4.3,32.2,1102.0,10.13675,0.0943,F8 V,6120.0,-0.2
15.681,215.80657,1377.0,4.1662739,0.0525,G0 V,5948.0,0.09
19.537,408.09372,1970.0,1.7100566,0.03005,G4,5720.0,0.32
15.861,874.0325,2453.0,0.9689951,0.02044,F7 V,6236.0,-0.002
17.094,416.3573,2087.0,3.0801716,0.04881,A,7454.0,-0.018
17.598,375.0394,2085.0,2.8717518,0.0455,F4 V,6670.0,0.09
21.409,1293.5681,1935.0,4.6117093,0.0637,A8 V,7500.0,-0.12
20.512,5403.11,2260.0,3.474119,0.057,A2,8980.0,-0.02
19.515,1074.90106,2262.0,3.4741085,0.0542,A2 V,8720.0,-0.29
17.777,1242.7153,2051.0,3.6127647,0.05224,A8 V,7598.0,-0.405
14.83,298.12454,1561.0,2.255251,0.03302,G2 V,5899.0,-0.105
15.244,1334.87931,1473.0,5.55149,0.067,F7,6415.0,0.09
19.044,286.68266,1823.0,2.9895932,0.04317,F,6206.0,-0.116
13.372,136.661,1313.0,7.8457,0.07939,F8,6102.0,-0.281
17.183,406.8224,2048.0,2.7347749,0.04415,F,6789.0,0.139
20.849,275.55861,1675.0,3.24406,0.04571,G2 V,5754.0,0.272
21.196,915.3504,4050.0,1.4811235,0.03462,B9.5-A0,10170.0,-0.03
10.54,460.83,511.0,86.647661,0.382,G5 V,5520.0,0.27
11.545,346.4347,1459.0,1.706291,0.0269,K1 V,5165.0,0.22
5.77,51.1,1513.0,3.4876812,0.0474,G3 IV,5667.0,0.33
1.25,3.78,1413.0,6.02976,0.0684,G3 IV,5667.0,0.33
8.059,29.875,984.0,18.7959228,0.1445,F8 V,6150.0,-0.04
12.341,584.78,704.0,50.790391,0.2804,F8 V,6150.0,-0.04
9.18,158.915,206.0,1047.8356,2.026,G5 V,5597.0,-0.088
3.87,17.0,243.0,175.06,0.633,K,5100.0,-0.12
1.635,10.4,1956.0,2.785755,0.042507,F6 IV,6131.0,-0.15
2.38,36.0,262.0,289.8623,0.849,G5 V,5518.0,-0.29
4.3,122.0,475.0,105.599,0.4632,G4 V,5623.0,-0.11
13.68,5720.7,905.0,21.0874,0.155,F7 IV,6260.0,-0.29
13.9,6388.1,897.0,21.08721,0.164,F7 V,6350.0,0.1
13.11,699.2,1620.0,6.87349,0.08,F5 IV,6510.0,0.1
14.46,177.98,1790.0,1.8555582,0.03101,G2 V,5750.0,0.38
9.98,174.8,1730.0,1.855558,0.03,G6 V,5620.0,0.29
13.361,189.101,1605.0,2.6843285,0.03585,G4 V,5560.0,-0.1
10.962,79.45,1070.0,3.79701816,0.0464,K1 V,5170.0,0.24
12.22,108.06,1300.0,3.21751883,0.0414,G1 V,5725.0,-0.21
13.79,92.17,1100.0,10.290994,0.091,G2 V,5800.0,-0.19
12.11,403.63,1070.0,3.52563254,0.0433,K1 V,5150.0,0.09
13.45,1026.55,1637.0,3.024095,0.0449,G0 IV-V,6041.0,0.33
13.0,994.77,1628.0,3.02409309,0.0444,F8 V,6050.0,0.4
12.22,317.82,1544.0,3.2467293,0.0446,G2 IV,5800.0,0.15
13.9,324.17,1603.0,3.24674,0.0455,G2 IV,5757.0,0.26
10.76,160.497,1000.0,2.455239,0.03,M,3820.0,0.28
8.373,308.2951,388.0,125.63243,0.4988,G2 V,5820.0,-0.01
1.31,9.0,750.0,5.714932,0.0553,K2 V,4925.0,-0.37
0.54,4.0,578.0,12.4417,0.0929,K2 V,4925.0,-0.37
1.95,14.0,510.0,18.16406,0.12,K2 V,4925.0,-0.37
1.61,36.0,270.0,122.3874,0.427,K2 V,4925.0,-0.37
1.41,35.0,208.0,267.291,0.718,K2 V,4925.0,-0.37
14.8,216.12,1250.0,7.340718,0.084,F8 V,6050.0,0.34
10.76,200.22,1078.0,7.340711,0.0781,F8 V,6000.0,0.42
11.77,3209.9,767.0,8.8849116,0.0818,K0 V,5200.0,0.3
11.55,3146.4,850.0,8.884924,0.08,G8 V,5330.0,-0.07
10.761,136.661,1440.0,3.57878087,0.04501,G5 V,5520.0,0.2
1.63,4.07,998.0,1.40152604,0.0208,M0.5 V,3842.0,-0.03
1.39,4.6,965.0,1.4015,0.02091,M1 V,3800.0,0.04
0.85,0.4,627.0,2.2531136,0.02191,M3 V,3415.0,-0.46
0.8,1.01,610.0,2.2531,0.02282,M3 V,3412.0,-0.5
1.385,2.22,553.0,3.6906777,0.0304,M3 V,3415.0,-0.46
1.35,2.42,517.0,3.6904,0.0317,M3 V,3412.0,-0.5
1.521,1.94,416.0,7.4507245,0.0486,M3 V,3415.0,-0.46
1.57,2.31,409.0,7.4512,0.0506,M3 V,3412.0,-0.5
1.73,5.6,226.0,24.73723,0.0946,M4.5 V,3096.0,-0.15
1.43,6.65,230.0,24.73712,0.0875,M4.5 V,3131.0,-0.24
1.272,1.91,422.0,3.77794,0.027,M4.5 V,3096.0,-0.15
1.242,2.33,595.0,1.9495378,0.01848,m3 V,3381.0,-0.13
1.088,8.7,617.0,3.81433,0.0404,M1,3643.0,-0.12
4.7,30.8,700.0,4.052037,0.0417,M0.0 V,3950.0,0.41
2.438,7.1,324.0,4.9899093,0.02961,M(6.1 +/- 0.7) V,2960.0,-0.09
1.032,0.9,396.0,2.753436,0.01992,M(6.1 +/- 0.7) V,2960.0,-0.09
1.32,13.2,396.0,2.7299025,0.01875,M6 V,2850.0,-0.028
1.367,25.3,272.0,8.457463,0.03984,M6 V,2850.0,-0.028
1.332,2.62,892.0,0.768448,0.01211,M4 V,3331.0,0.28
1.35,2.34,1000.0,0.768377,0.01203,M3.5 V,3360.0,0.09
2.42,6.29,397.0,12.252131,0.0762,M3.5 V,3360.0,0.09
2.3,8.6,353.0,12.2519,0.07673,M4 V,3331.0,0.28
4.72,29.32,1978.0,0.792052,0.01679,G7 V,5443.0,0.27
16.814,1175.971,2570.0,2.14878,0.043,A8,7554.0,0.0
17.15,985.273,2100.0,2.82406,0.047,A7 V,7800.0,0.0
14.908,258.07796,790.0,2.647298,0.0326,M0.5,3916.0,0.0
13.507,687.14846,1332.0,0.7668944,0.0143,K5 V,4600.0,-0.02
9.158,109.33352,435.0,35.45533,0.201,K,5050.0,0.22
11.747,66.10864,1257.0,7.532806,0.0757,G,5690.0,-0.03
4.977,29.24036,1143.0,3.5357173,0.0403,K1 V,5187.0,0.1
12.33,238.68913,1146.0,3.27623,0.0441,G6 V,5600.0,0.15
14.572,211.99155,1177.0,4.84532,0.0523,G7 V,5550.0,0.35
13.899,242.8209,1457.0,3.24253,0.0391,G4 V,5650.0,0.15
13.563,129.99182,1381.0,3.05125,0.0448,G5 V,5610.0,0.15
17.878,235.1942,1468.0,4.511164,0.063,F5 V,6478.0,-0.06
11.994,947.12865,688.0,54.18915,0.313,G1 IV,5980.0,0.15
14.908,750.07504,1357.0,1.5433897,0.0236,K3 V,4660.0,-0.26
14.202,194.82881,1327.0,4.0764326,0.0504,F9 V,6057.0,-0.26
13.608,165.27077,1499.0,3.4678796,0.0479,G2 IV,5820.0,0.27
11.467,203.09235,1101.0,2.823093,0.0388,K0 V,5321.0,0.12
12.733,72.78307,952.0,3.3569866,0.0382,K2 V,4987.0,0.12
12.218,295.5819,1345.0,2.4997,0.035,K0 V,5241.0,0.24
11.994,921.707,1448.0,4.43527,0.058,F8 V,6330.0,0.31
6.18,169.0,481.0,138.317,0.652,F,6407.0,0.21
17.295,233.92288,1955.0,1.645321,0.0286,F7 V,6124.0,0.016
12.285,1369.8473,1681.0,2.5079204,0.03783,G0 V,6007.0,-0.041
12.722,1938.763,1385.0,1.8053564,0.02803,K1 V,5215.0,0.103
12.408,1373.0256,1415.0,2.8792319,0.04127,G2 V,5747.0,0.377
11.904,212.31044,1006.0,3.506195,0.0423,K2 V,5052.0,-0.025
19.055,597.5204,2053.0,2.032046,0.0352,F4 V,6387.0,0.276
14.404,117.91493,1457.0,3.71495,0.0474,G0 V,5738.0,0.025
11.31,378.2177,1134.0,1.540731,0.0234,K5 V,4309.0,0.252
7.23,147.15455,703.0,23.624,0.163,G2,5844.0,0.156
12.52,617.22586,974.0,15.168865,0.1207,G3,5788.0,0.14
2.265,10.15,1077.0,4.11296,0.052,G9 V,5328.0,0.14
1.791,9.95,1323.0,0.6047328,0.01159,K9 V/M0 V,3875.0,-0.08
14.572,1064.72516,1728.0,4.0782387,0.0561,F6 V,6311.0,-0.1
3.56,19.28,632.0,4.07445,0.04457,K6-K7,4350.0,0.3
16.814,309.56642,637.0,8.350381,0.07098,K7,4250.0,0.2
13.32,325.69,498.0,8.350231,0.07191,K6-K7,4350.0,0.3
9.02,51.42,1199.0,8.02773,0.082,G0,6122.0,0.0
9.19,27.4,868.0,7.06466,0.0696,G9,5350.0,0.139
2.415,6.28,703.0,2.4919863,0.0287,M2.0 V,3476.0,0.05
3.65,15.4,330.0,24.245586,0.1288,M3 V,3553.0,0.041
1.694,5.9,775.0,3.444717,0.03826,M0.5 V,3997.0,0.33
3.01,8.1,955.0,4.30744,0.049,K V,5151.0,0.17
2.51,8.8,860.0,5.904144,0.061,K V,5151.0,0.17
3.51,5.3,586.0,18.6559,0.131,K V,5151.0,0.17
3.78,14.8,462.0,37.9216,0.211,K V,5151.0,0.17
2.726,9.5,1037.0,4.65382,0.05186,K0 V,5320.0,-0.02
2.759,6.63,828.0,9.15059,0.0814,K0 V,5320.0,-0.02
2.93,13.6,638.0,19.98,0.137,K0 V,5320.0,-0.02
2.34,8.6,860.0,3.12748,0.0366,K6 V,4227.0,-0.1
2.82,11.8,643.0,7.49325,0.0656,K6 V,4227.0,-0.1
2.62,4.23,425.0,10.894841,0.0728,M3 V,3618.0,-0.195
2.37,13.5,413.0,10.894843,0.0736,M3,3600.0,-0.5
2.458,15.9,410.0,10.894879,0.0745,M2 V,3573.0,-0.08
2.13,2.88,354.0,18.801611,0.1047,M3 V,3618.0,-0.195
1.673,6.4,347.0,18.80152,0.1037,M2 V,3573.0,-0.08
1.56,2.2,344.0,18.80151,0.1058,M3,3600.0,-0.5
9.1,96.4,919.0,8.1577094,0.0711,K1-K2,5300.0,0.36
15.693,451.31634,2360.0,3.1968838,0.047,F,6280.0,0.26
3.42,22.4,1395.0,2.1097019,0.026,G8 V,5397.0,0.16
6.053,47.0386,676.0,25.83839,0.1732,G5V,5793.0,0.164
1.62,3.48,1517.0,1.0697568,0.019,G9 V,4884.0,0.08
3.96,9.0,867.0,12.9972,0.108,G2 V,5840.0,-0.09
16.701,991.62463,2370.0,2.650237,0.046,Am C,7690.0,0.09
1.672,4.82,326.0,11.06201,0.061,M4 &#177 0.5 V,3185.0,-0.07
2.18,7.32,734.0,2.527093,0.0285,M1.5 V,3709.0,0.0
2.47,7.24,373.0,18.08816,0.106,M1.5 V,3709.0,0.0
14.067,797.7533,1404.0,5.857487,0.07037,F,6255.0,0.28
21.017,731.00534,2492.0,1.902603,0.0389,F0,7300.0,-0.1
14.415,375.0394,1588.0,2.0845435,0.03138,G9 IV,5404.0,0.24
16.69,387.7526,1669.0,4.231306,0.058,F,6495.0,0.22
1.79,4.91,924.0,0.989343,0.01545,M2,3550.0,0.23
2.06,41.31769,1062.0,10.98462,0.103,F7 V,6170.0,0.09
11.063,200.2319,684.0,40.74976,0.249,F7 V,6170.0,0.09
1.468,3.03,1062.0,0.66913924,0.01138,M2.65 V,3575.0,0.3
12.173,251.40353,1715.0,2.2554477,0.03524,G1 V,5880.0,0.24
1.9,6.36,698.0,3.1342791,0.033548,M1 V,3690.0,0.0
3.09,48.8,489.0,2.500311,0.0229,M5V,3185.0,0.336
5.15,18.4,730.0,24.283382,0.164,G5 V,5730.0,0.12
5.05,26.78,767.0,3.49151,0.0391,M0,3980.0,0.25
1.39,57.0,831.0,2.38839,0.0291,M0 V,3985.0,-0.26
2.12,14.0,673.0,4.4929,0.0443,M0 V,3985.0,-0.26
2.52,15.0,533.0,9.0497,0.0707,M0 V,3985.0,-0.26
3.14,10.8,443.0,18.85019,0.1177,M0.0 V,4065.0,0.05
1.152,1.5,1040.0,1.914558,0.02607,K,4316.0,-0.23
1.669,4.77,873.0,3.23845,0.037,K,4316.0,-0.23
2.572,3.01,690.0,6.5577,0.0592,K,4316.0,-0.23
2.207,3.86,600.0,9.961881,0.0783,K,4316.0,-0.23
2.287,7.72,521.0,15.231915,0.1039,K,4316.0,-0.23
2.87,3.94,470.0,20.7095,0.1275,K,4316.0,-0.23
16.141,222.47988,1927.0,3.208664,0.04882,F,5991.0,0.373
6.956,46.1687,895.0,4.532,0.0539,K,4994.0,0.272
3.46,73.2,1479.0,1.2436258,0.0213,K2.5 V,4985.0,0.11
12.89,209.7678,362.0,29.02,0.1587,M0,3841.0,0.31
11.299,133.4886,759.0,52.97818,0.3,F6 V,6394.0,0.24
11.814,408.72733,400.0,141.834025,0.5516,F0,5929.0,0.168
3.309,9.2,531.0,3.348237,0.029322,M4 +/- 0.5,3297.0,-0.31
3.39,16.4,512.0,3.348968,0.0301,M4,3194.0,0.05
1.25,4.1,347.0,17.66484,0.101,M2.5 V,3759.0,-0.24
1.33,7.4,297.0,28.17232,0.137,M2.5 V,3759.0,-0.24
15.098,1595.4986,3646.0,0.67247414,0.01791,F,6540.0,0.068
2.69,9.13,666.0,9.2292005,0.078,K5 V,4580.0,0.12
7.27,41.89,306.0,95.5,0.371,K5 V,4580.0,0.12
2.19,6.37,395.0,7.851928,0.057,M4.5 V,3342.0,0.03
14.359,899.45439,1802.0,3.3773512,0.05064,F4 V,6630.0,0.282
11.321,875.61726,348.0,260.79,0.828,G5,5695.0,0.253
3.51,26.0,1860.0,1.1947268,0.02234,G V,5634.0,0.14
3.03,13.8,805.0,10.695264,0.08911,K0 V,5298.0,-0.217
1.402,3.4,1311.0,1.2730991,0.02118,K2V,5059.0,-0.114
2.18,6.7,696.0,8.465651,0.0749,K2V,5059.0,-0.114
1.52,2.68,458.0,7.397225,0.0559,M2.5 V,3433.0,-0.39
2.363,4.8,519.0,15.66858,0.105,K5 V,4375.0,-0.29
2.83,13.31,1509.0,3.73659,0.0482,F9-F9.5,6005.0,-0.1
17.374,200.2319,2410.0,3.39775,0.048,F,6120.0,0.26
1.71,4.23,493.0,13.475853,0.0943,K8 V,4026.0,-0.47
18.103,122.68177,1387.0,4.880974,0.0607,F9 V,6100.0,-0.15
2.77,8.8,531.0,3.6977104,0.0345,M2 V,3514.0,-0.29
1.206,1.58,581.0,3.3601538,0.03197,M,3506.0,-0.2
2.355,6.15,488.0,5.6605731,0.04526,M,3506.0,-0.2
2.133,4.78,387.0,11.379573,0.0721,M,3506.0,-0.2
1.42,4.53,979.0,4.5117244,0.0503,K3 V,5152.0,-0.05
1.88,3.72,475.0,39.361826,0.213,K3 V,5152.0,-0.05
11.4,211.35589,604.0,2.59261842,0.02709,M V,3388.8,0.264
3.82,30.3,1722.0,0.8831331,0.01714,K1.5+/-1,5068.0,0.138
3.2,57.2,1871.0,0.777038,0.0159,K0 V,5251.0,0.256
8.295,82.63539,690.0,3.936551,0.043,M1,3870.0,0.4
11.321,222.47988,750.0,2.154849,0.027,M2,3660.0,0.1
12.0,85.3,759.0,3.438753,0.03845,M0 V,3913.0,0.0
5.14,14.95,582.0,4.6747373,0.043,M2 V,3576.0,0.099
6.0,16.5,463.0,4.5445697,0.0354,M4,3269.0,0.23
7.9,44.0,563.0,4.353326,0.041,M4+/-0.5,3476.0,0.18
3.02,11.0,1441.0,1.348335,0.0229,K V,4960.0,0.37
5.93,20.31,907.0,5.414654,0.058,K V,4960.0,0.37
6.18,38.15,650.0,14.70886,0.113,K V,4960.0,0.37
1.32,2.08,584.0,3.307441,0.0322,M3,3392.0,-0.02
2.08,6.57,368.0,13.175682,0.0809,M3,3392.0,-0.02
12.285,731.00534,605.0,56.39879,0.3081,F V,6096.0,0.14
13.675,788.21445,725.0,3.5819194,0.04,M1.0+/-0.5,3794.0,0.52
2.64,6.7,922.0,5.197576,0.0554,G9 V,5291.0,-0.044
2.68,7.17,981.0,5.19672,0.056,G9 V,5325.0,-0.02
5.09,16.42,674.0,16.06819,0.1189,G9 V,5325.0,-0.02
5.09,14.1,635.0,16.067541,0.117,G9 V,5291.0,-0.044
2.52,5.4,435.0,7.44628,0.0534,M3.5 V,3422.0,-0.19
12.17,637.0,705.0,15.266446,0.118,G8/G9,5433.0,0.05
12.53,732.0,318.0,225.11781,0.768,F7 V,6096.0,0.08
6.8,959.84179,347.0,82.6869,0.349,K V,5170.0,0.16
9.42,2946.26933,191.0,482.8191,1.152,K V,5170.0,0.16
11.68,4096.80817,1677.0,7.24599,0.0888,F,6264.0,0.342
11.097,486.2799,1370.0,10.33111,0.097,G,5735.0,0.26
8.474,212.94503,624.0,1.52275959,0.01845,M4.5+/-0.5,3390.0,0.3
8.7,86.7,694.0,1.5227591,0.01808,M3.5 V,3260.0,0.27
1.166,1.42,1617.0,0.548177,0.01189,K6 V,4440.0,0.12
6.25,32.7,1040.0,6.3085044,0.06614,G2 V,5749.0,0.15
11.882,1036.12061,906.0,20.33003,0.158,F8 V,6300.0,0.12
11.545,147.15455,687.0,1.2652328,0.0159,M V,3322.0,0.27
11.6,343.0,737.0,1.630757,0.0199,M4.0,3430.0,0.0
11.9,170.4,675.0,2.930289,0.034,M3+/-1,3586.0,-0.03
9.303,127.13136,565.0,6.387597,0.052,M0.5 V,3659.0,0.376
10.3,58.7,947.0,10.590547,0.098,G V,6000.0,0.09
3.52,11.8,1242.0,4.77271,0.057,G V,6000.0,0.09
11.31,419.5335,441.0,75.12375,0.332,G3 V,5700.0,-0.21
12.173,1147.36055,1061.0,14.574071,0.1291,F V,6466.0,-0.004
12.229,1910.14873,1180.0,6.9839095,0.0723,G V,5925.0,-0.069
1.425,2.0,2310.0,0.4465688,0.0106,G9 V,5372.0,-0.4
2.91,5.39,800.0,10.778831,0.0884,G9 V,5372.0,-0.4
2.82,13.2,598.0,25.7124,0.158,G9 V,5372.0,-0.4
2.55,12.6,415.0,77.03,0.328,G9 V,5372.0,-0.4
4.91,20.0,513.0,47.73022,0.249,G7 V,5485.0,0.0
1.09,4.3,708.0,1.4344555,0.018288,M3.5 +/- 1.0,3325.0,0.03
1.03,4.0,707.0,0.8574347,0.010777,M5.0,3075.0,0.3
13.675,371.85924,1890.0,4.023687,0.055,F,6110.0,0.28
14.347,333.71983,1750.0,2.392679,0.036,F,6110.0,0.28
18.977,138.25536,1666.0,4.6615983,0.0678,F2 V,6850.0,-0.1
9.236,96.30201,1388.0,6.402513,0.0708,F6 V,6400.0,0.09
2.27,4.45,674.0,2.598902,0.0295,M1 V,3681.0,0.07
2.26,3.65,553.0,4.6955507,0.0437,M1 V,3681.0,0.07
1.92,5.2,482.0,7.1027268,0.0576,M1 V,3681.0,0.07
5.25,23.6,635.0,1.977143,0.025,M2 V,3514.0,0.17
13.115,392.83788,1252.0,11.2366,0.1038,F8,6295.0,0.0
1.992,5.72,1056.0,4.884765,0.0618,G,5585.0,-0.04
2.5,10.5,641.0,17.46819,0.122,K0 V,5278.0,-0.27
2.28,9.79,1038.0,5.6057,0.06,G,5450.0,0.01
2.63,9.32,800.0,12.2737,0.1011,G,5450.0,0.01
1.85,4.0,514.0,8.24661,0.0652,M1 V,3709.0,-0.2
2.02,5.3,415.0,15.6653,0.1,M1 V,3709.0,-0.2
15.4,878.0,1561.0,4.633611,0.06,F3 V,6643.0,0.0
2.94,7.6,686.0,11.197259,0.0903,K3 V,4869.0,-0.09
2.62,23.5,469.0,34.976145,0.193,K3 V,4869.0,-0.09
2.926,18.467,1253.0,1.392978,0.02177,K4 V,4600.0,-0.092
1.704,4.53,871.0,3.81673,0.0422,K V,4552.0,-0.284
2.587,9.6,665.0,8.59545,0.075,K V,4552.0,-0.284
9.169,120.45697,995.0,8.3249113,0.0888,F9/G0,5995.0,0.01
14.067,349.61125,1529.0,3.2797178,0.04435,G0,5842.0,0.153
11.994,301.9385,1397.0,10.62656,0.092,F,6261.0,0.24
3.186,16.137,1317.0,3.183792,0.041657,G V,5626.0,0.08
2.765,9.1,941.0,1.8237305,0.02636,K V,4435.0,0.175
18.94,645.17,2190.0,2.849375,0.0457,F2,6900.0,-0.03
15.8,158.91,1560.0,3.585722,0.0506,F6,6400.0,0.2
17.127,473.547,2508.0,0.925542,0.01985,F8 V,6110.0,0.06
12.745,404.263,1516.0,1.7554137,0.02918,G8,5475.0,0.32
10.761,572.094,900.0,7.87288,0.075,K2,5070.0,0.28
12.162,611.797,1140.0,9.289715,0.0917,F9,6055.0,-0.09
10.536,38.1396,770.0,5.72149,0.055,K6,4430.0,0.02
11.097,156.37236,992.0,3.72247967,0.04375,K3 V,4900.0,0.12
15.793,150.96925,1496.0,4.54216875,0.05885,G1,5890.0,0.1
15.009,562.24127,2043.0,1.5487743,0.02851,G0,5940.0,0.14
11.444,87.5585,1001.0,10.02165,0.09459,F9,6038.0,-0.11
16.141,163.36462,1729.0,4.0460435,0.05453,F6,6410.0,0.16
15.693,390.9309,1600.0,2.49979,0.0363,G5,5650.0,0.14
16.511,1541.4755,1880.0,3.6112706,0.0514,F5,6450.0,-0.05
20.905,375.99289,2358.0,1.2749255,0.02544,F6 V,6459.0,0.13
14.773,285.72917,1520.0,2.9776412,0.04263,G5,5740.0,0.18
13.899,190.698,1400.0,3.37265,0.0449,F9,6050.0,-0.02
10.761,88.9924,1480.0,3.2888,0.0449,G2,5800.0,0.17
10.424,317.83,1100.0,5.748145,0.0628,G1,5900.0,0.15
9.976,390.9309,833.0,11.55098,0.1012,G6,5625.0,0.26
13.675,85.8141,1460.0,5.322023,0.0607,G0,6030.0,-0.18
10.099,136.03056,682.0,7.1335164,0.0674,K4 V,4686.0,0.15
9.752,130.3103,763.0,7.133521,0.067,K4,4775.0,0.22
1.841,6.26,1329.0,1.01153624,0.01833,K4 V,4686.0,0.15
13.563,368.6828,1790.0,2.176423,0.0345,G4,5700.0,0.29
8.967,37.18611,910.0,5.924262,0.062,K0,5310.0,0.2
16.141,775.5052,1320.0,2.2359835,0.0323,K0,5260.0,0.12
13.563,854.9627,1540.0,3.310651,0.0469,F9,5900.0,0.29
17.15,266.9772,2000.0,2.052868,0.0347,F8,6010.0,0.26
9.528,139.8452,1260.0,2.2783152,0.0316,K2 V,5200.0,0.18
10.088,282.8687,1200.0,1.7690381,0.0261,K2 V,4900.0,-0.04
12.498,87.40325,1404.0,4.60273,0.0549,G4,5702.0,0.092
8.093,92.48853,940.0,8.80381,0.0845,G,5460.0,0.11
11.994,2688.8418,1460.0,5.644207,0.0694,F8,6218.0,0.156
12.666,98.5273,1290.0,4.533471,0.055,G1,5871.0,0.1
17.374,123.9537,1700.0,3.332609,0.048,G0,5914.0,0.34
5.717,40.68224,970.0,3.836169,0.0453,K3,4910.0,0.24
11.938,182.43442,1339.0,3.9516205,0.0529,G2 V,5838.0,0.34
11.994,886.7457,1590.0,3.656333,0.0517,F6 V,6350.0,0.24
15.468,174.8065,1850.0,3.840401,0.0538,F9,6120.0,0.22
12.218,88.35674,1119.0,3.7684952,0.0452,K0 V,5298.0,0.27
11.209,1652.716,910.0,9.62468,0.0871,K0,5300.0,0.28
12.644,676.9779,1610.0,1.7771255,0.02818,G2 V,5806.0,-0.01
14.123,209.13214,1624.0,3.465509,0.04823,G6,5599.0,0.33
7.062,32.10083,1270.0,5.44354,0.0641,F9 V,6050.0,0.19
17.71,2542.64,2329.0,2.0219596,0.0365,F1 V,7000.0,0.1
16.814,133.4886,1340.0,4.153658,0.0519,F9 V,6000.0,-0.01
14.617,178.30263,1604.0,5.6114118,0.0681,F8,6110.0,0.06
10.985,344.52772,1642.0,3.8186244,0.0504,G0,5965.0,0.04
17.598,149.3801,1740.0,5.477433,0.0694,F1 V,6900.0,-0.1
13.451,1172.7927,1880.0,1.38665318,0.0248,G3,5800.0,0.16
14.404,1102.8701,1842.0,1.3866529,0.02508,G2,5767.0,0.259
14.572,413.179,1490.0,4.2337,0.0559,F6 V,6400.0,0.09
13.54,314.6517,1571.0,3.0652907,0.04403,F7,6229.0,0.15
16.87,271.74465,1721.0,3.899052,0.0535,F9,5941.0,0.164
17.71,161.45764,1142.0,3.071722,0.03957,K2,5017.0,0.25
20.288,527.5978,2470.0,3.3448285,0.0558,A1 IV-V,9360.0,0.21
13.899,286.047,1540.0,3.409264,0.048,F7 V,6600.0,0.1
13.271,95.03117,1186.0,4.5195064,0.05427,G2,5839.0,0.09
9.528,47.03884,1479.0,3.3769848,0.0451,G5,5638.0,0.27
16.477,159.55066,1111.0,4.1117771,0.04632,G9,5313.0,-0.31
14.908,181.1631,1480.0,5.1817,0.0627,G0 V,6000.0,0.12
14.011,311.4734,1160.0,9.38755,0.0904,G0 V,5900.0,-0.02
12.89,317.83,1500.0,5.367753,0.0663,F6 IV-V,6400.0,-0.02
13.787,731.009,1620.0,2.8786765,0.0408,G0 V,5910.0,0.14
16.41,44.17815,1254.0,6.2463345,0.0676,F9,6078.0,-0.06
16.388,98.841,1379.0,4.8996284,0.06,F9,5940.0,-0.008
12.554,177.9848,1430.0,3.53269,0.0468,G1 V,6000.0,-0.05
14.796,324.18498,1660.0,2.7566,0.04,G0,5950.0,-0.02
15.177,285.717,1473.0,3.40884,0.0445,F8,6084.0,-0.2
13.597,288.26,1468.0,3.40883,0.04469,F8,6150.0,-0.29
12.33,276.5121,1337.0,2.423804,0.03453,G8 V,5420.0,-0.003
11.119,318.46566,1170.0,3.126096,0.0405,K2 V,5100.0,0.5
13.159,607.0553,1636.0,1.43036763,0.02335,G6 V,5600.0,-0.3
12.218,502.15,1753.0,1.6284296,0.02683,G4 V,5880.0,0.0
14.24,146.2,1315.0,1.7497798,0.0272,K2 V,5000.0,0.03
18.528,202.131,1759.0,3.6936411,0.04987,F9,6100.0,-0.27
12.24,181.473,1216.0,4.617101,0.05458,G6,5600.0,0.12
10.267,213.573,1251.0,2.838971,0.0386,G6,5600.0,-0.25
15.36,282.86,1270.0,5.01718,0.0561,G2 V,5800.0,-0.45
8.687,274.276,670.0,7.919585,0.0697,K5 V,4650.0,-0.15
9.64,163.358,1320.0,4.3050011,0.0531,G1 V,5900.0,-0.04
14.247,403.945,1689.0,1.5732918,0.02648,G7,5400.0,-0.08
12.464,492.62,1480.0,2.3114243,0.0334,G6,5600.0,-0.07
13.9,301.93,1490.0,5.084298,0.06206,G0,5911.0,0.22
9.113,82.632,963.0,3.8681382,0.04525,K5,4715.0,0.144
13.047,187.512,1387.0,3.7130203,0.04853,G4,5763.0,-0.006
16.37,712.545,2049.0,2.9036747,0.04619,F8,6059.0,0.14
14.24,491.3763,2210.0,2.2167421,0.03708,F7,6250.0,-0.06
13.002,597.5,1790.0,4.08722,0.05512,F9,6036.0,0.14
17.486,301.9385,1910.0,2.13775,0.037,F9,5970.0,0.39
14.235,340.06,1710.0,2.484193,0.0375,F9,6100.0,0.07
20.512,292.4036,2160.0,1.809886,0.033,F7,6250.0,0.23
20.781,284.1386,2228.0,1.80988198,0.033,F7,6329.0,0.366
17.15,270.15415,1716.0,3.662392,0.0519,F5,6600.0,0.03
18.719,394.1092,2190.0,2.705782,0.0447,F5,6490.0,0.12
11.657,95.349,1120.0,4.971252,0.059,G8,5510.0,0.29
10.559,220.565,797.0,8.5234865,0.0771,K0,5314.0,0.0
19.055,177.98,1772.0,4.954,0.06431,F6,6431.0,-0.08
11.657,1875.197,1120.0,3.3564227,0.0427,K3,5130.0,0.15
18.271,200.2329,1840.0,3.916243,0.0562,F6,6430.0,0.11
11.545,425.8922,1160.0,2.798581,0.037,K3,4920.0,0.19
16.376,255.85315,1871.0,2.1746742,0.0348,F7,6280.0,0.0
17.901,467.2101,1942.0,2.7325321,0.04211,F4,6700.0,0.07
19.28,143.653,1604.0,3.9501907,0.055,F8,6153.0,0.26
13.56,359.13,1570.0,2.184673,0.03416,G2,5630.0,0.14
13.45,152.55,1285.0,3.4252602,0.0453,G8,5540.0,0.14
12.67,419.52,1555.0,2.07276,0.03303,G5,5640.0,0.23
12.33,263.79,1180.0,2.96264,0.036,G7,5525.0,-0.6
12.33,883.53,1480.0,5.75251,0.0717,F8,6180.0,0.21
16.7,1274.44,1500.0,3.352057,0.047,F6 V,6250.0,-0.5
15.278,355.9696,2000.0,1.0187068,0.01855,K2 V,5000.0,0.2
1.24,2.53,996.0,0.5734745,0.01,M2.5 V,3542.0,-0.17
2.043,6.26,790.0,6.00127,0.05706,K3.5 V,4716.0,-0.47
12.89,365.5045,1244.0,4.187732,0.0508,G8 V,5510.0,0.25
23.203,1398.452,1577.0,3.7650007,0.0815,F5,6720.0,-0.07
15.39,225.34147,1743.0,2.8641424,0.04421,G0 V,6250.0,0.432
2.042,4.82,1170.0,6.2679,0.06839,G0 V,6037.0,0.08
